country,year,mined_usgs_t,mined_bgs_t,refined_bgs_t,refined_primary_usgs_t,refined_secondary_usgs_t
Albania,2019,,,3000,,
Albania,2020,,,3000,,
Albania,2021,,,3000,,
Albania,2022,,,3000,,
Albania,2023,,,3000,,
Algeria,2012,,,6000,,
Algeria,2016,,,8000,,
Algeria,2020,,,8000,,
Algeria,2013,,,9000,,
Algeria,2014,,,9000,,
Algeria,2017,,,9000,,
Algeria,2018,,,9000,,
Algeria,2019,,,9000,,
Algeria,2021,,,9000,,
Algeria,2022,,,9000,,
Algeria,2023,,,9000,,
Algeria,2015,,,18000,,
Argentina,2014,,31740,40000,,
Argentina,2022,,18600,85000,,
Argentina,2012,,26500,90300,,
Argentina,2023,,32259,85000,,
Argentina,2013,,28700,91000,,
Argentina,2020,23008,13086,80000,,19000
Argentina,2016,28016,28016,38300,8000,33000
Argentina,2021,17098,17055,82000,,22000
Argentina,2015,29834,29834,42000,8000,33000
Argentina,2017,40135,40135,43600,10000,30000
Argentina,2018,28260,28260,113900,,26000
Argentina,2019,42957,29766,100000,,28000
Australia,2012,,620598,207000,,
Australia,2013,,711210,232000,,
Australia,2014,,727954,225900,,
Australia,2022,437825,437825,166478,143978,23000
Australia,2017,395190,395190,211200,168300,43000
Australia,2019,500985,500985,124388,89999,35000
Australia,2018,446571,446571,188800,155482,33000
Australia,2021,485487,485487,166892,137903,29000
Australia,2020,494271,494271,161897,133879,35000
Australia,2016,441338,441338,223700,182830,41000
Australia,2023,472242,457100,221958,186458,35000
Australia,2015,653488,653488,227600,182258,45000
Austria,2012,,,24504,,
Austria,2013,,,25000,,
Austria,2014,,,25100,,
Austria,2023,,,27000,,
Austria,2015,,,24400,,24399
Austria,2016,,,25000,,24000
Austria,2017,,,26000,,24000
Austria,2018,,,27000,,27000
Austria,2019,,,27000,,27000
Austria,2020,,,27000,,27000
Austria,2021,,,27000,,28000
Austria,2022,,,27000,,28000
Belgium,2012,,,119000,,
Belgium,2013,,,129429,,
Belgium,2023,,,131946,,
Belgium,2014,,,133252,,
Belgium,2022,,,108800,,109000
Belgium,2020,,,122748,,122748
Belgium,2015,,,130000,,130000
Belgium,2018,,,138106,,138106
Belgium,2019,,,138618,,138618
Belgium,2017,,,138606,,139000
Belgium,2016,,,142123,,141000
Belgium,2021,,,144502,,155840
Bolivia,2014,,75706,1924,,
Bolivia,2012,,81142,500,,
Bolivia,2013,,82602,0,,
Bolivia,2022,,90115,4000,,
Bolivia,2023,,102959,4200,,
Bolivia,2020,64619,64619,3200,186,3000
Bolivia,2015,75273,75272,459,459,
Bolivia,2016,89510,89906,41,41,
Bolivia,2019,88341,88342,4200,551,3000
Bolivia,2021,93246,93246,4000,326,3000
Bolivia,2017,111566,113285,1100,1160,3000
Bolivia,2018,112047,112140,4000,635,3000
Bosnia & Herzegovina,2015,,6200,142,,
Bosnia & Herzegovina,2014,,5599,1227,,
Bosnia & Herzegovina,2016,,6800,182,,
Bosnia & Herzegovina,2017,,7100,25,,
Bosnia & Herzegovina,2018,,7300,1,,
Bosnia & Herzegovina,2020,,8157,0,,
Bosnia & Herzegovina,2021,,8547,0,,
Bosnia & Herzegovina,2012,,5238,3327,,
Bosnia & Herzegovina,2013,,6308,2382,,
Bosnia & Herzegovina,2022,,9060,0,,
Bosnia & Herzegovina,2023,,9303,0,,
Bosnia & Herzegovina,2019,,9681,0,,
Brazil,2013,,8020,151964,,
Brazil,2014,,10978,160393,,
Brazil,2012,,8922,165397,,
Brazil,2022,,7407,278004,,
Brazil,2023,,16100,286008,,
Brazil,2015,9440,9441,176200,,152161
Brazil,2016,8134,9015,176216,,156186
Brazil,2017,6862,6157,243000,,240000
Brazil,2018,7000,7277,250100,,250000
Brazil,2019,5715,6000,253700,,254000
Brazil,2020,5352,5352,257500,,260000
Brazil,2021,6307,6307,265248,,265000
Bulgaria,2023,,5382,44542,,
Bulgaria,2012,,15949,85000,,
Bulgaria,2013,,16914,90742,,
Bulgaria,2014,,15618,93394,,
Bulgaria,2021,35160,10193,71822,71822,32673
Bulgaria,2022,40926,7825,69709,69709,33719
Bulgaria,2019,35453,17097,71595,71595,30878
Bulgaria,2015,18700,16456,96889,,96900
Bulgaria,2020,37146,18929,72992,72992,33153
Bulgaria,2016,23600,19688,100817,,100817
Bulgaria,2018,26532,14723,102808,71697,31111
Bulgaria,2017,31600,16099,103105,56000,50000
Burkina Faso,2015,1100,,,,
Burkina Faso,2014,,1902,,,
Burkina Faso,2013,,2168,,,
Burma,2015,13600,,,600,
Burma,2016,14000,,,5900,
Burma,2020,23200,,,,11000
Burma,2022,26000,,,,10000
Burma,2021,26100,,,,10900
Burma,2017,20900,,,12000,12000
Burma,2019,37800,,,12000,12000
Burma,2018,38200,,,12000,12000
Canada,2023,,2200,190900,,
Canada,2014,,3617,281456,,
Canada,2013,,20678,281781,,
Canada,2012,,64116,279150,,
Canada,2022,6000,4436,182400,42000,140000
Canada,2020,4000,3800,189900,54000,136000
Canada,2021,10000,9339,197400,59000,144000
Canada,2015,3699,3809,268863,127264,141600
Canada,2018,15605,17874,260956,120000,141000
Canada,2019,21782,22824,260267,112909,147358
Canada,2016,12020,12020,274226,142076,132150
Canada,2017,13494,20477,274061,124555,149506
Chile,2012,,410,9000,,
Chile,2014,,2678,10000,,
Chile,2016,1110,1110,11000,,
Chile,2023,,325,14000,,
Chile,2022,,457,14000,,
Chile,2020,1386,1386,12000,,
Chile,2017,1562,1562,12000,,
Chile,2013,,1829,14000,,
Chile,2015,2979,2979,10000,,
Chile,2019,7000,7,14000,,
Chile,2021,382000,382,14000,,
Chile,2018,712000,712,15000,,
China,2012,,2613200,4590900,,
China,2014,,2608619,4704319,,
China,2013,,2696538,4935100,,
China,2017,2032000,1852200,4726200,2649000,2077000
China,2015,2335000,2335024,4421600,2870000,1552000
China,2018,1976000,1892173,4942947,2691000,2252000
China,2016,2338000,2337485,4603884,3017000,1663000
China,2019,2006000,1787400,5221500,2734000,2225000
China,2020,1942000,1970000,6443071,2800000,2200000
China,2021,1964000,1964400,7365000,2750000,2450000
China,2022,1946000,1945900,7811000,2806000,2420000
China,2023,1966000,1960000,7564000,2925000,2762000
Colombia,2020,,,41000,,
Colombia,2021,,,41000,,
Colombia,2022,,,41000,,
Colombia,2023,,,41000,,
Colombia,2012,,,42000,,
Colombia,2013,,,42000,,
Colombia,2014,,,42000,,
Colombia,2015,,,42000,,
Colombia,2016,,,42000,,
Colombia,2017,,,43000,,
Colombia,2018,,,44000,,
Colombia,2019,,,44000,,
Congo,2023,,2000,,,
Congo,2022,,20000,,,
"Congo, Democratic Republic",2016,,100,,,
"Congo, Democratic Republic",2013,,600,,,
"Congo, Democratic Republic",2015,,700,,,
"Congo, Democratic Republic",2012,,800,,,
"Congo, Democratic Republic",2014,,800,,,
Costa Rica,2012,,,4000,,
Costa Rica,2013,,,7000,,
Costa Rica,2014,,,7000,,
Costa Rica,2015,,,7000,,
Costa Rica,2016,,,8000,,
Costa Rica,2020,,,8000,,
Costa Rica,2019,,,9000,,
Costa Rica,2022,,,9000,,
Costa Rica,2018,,,10000,,
Costa Rica,2021,,,10000,,
Costa Rica,2023,,,10000,,
Costa Rica,2017,,,10400,,
Croatia,2014,,,600,,
Croatia,2015,,,1200,,
Croatia,2016,,,3900,,
Croatia,2017,,,4300,,
Croatia,2022,,,4500,,
Croatia,2020,,,4800,,
Croatia,2018,,,5000,,
Croatia,2023,,,5000,,
Croatia,2021,,,5100,,
Croatia,2019,,,5300,,
Cuba,2016,,0,5000,,
Cuba,2017,3000,1500,5000,,
Cuba,2018,24000,25400,5000,,
Cuba,2021,29000,30000,5000,,
Cuba,2020,34000,30000,5000,,
Cuba,2022,33000,33000,5000,,
Cuba,2019,35000,35000,5000,,
Cuba,2023,35000,35000,5000,,
Czech Republic,2012,,,41000,,
Czech Republic,2013,,,42000,,
Czech Republic,2020,,,42000,,
Czech Republic,2021,,,42000,,
Czech Republic,2023,,,42000,,
Czech Republic,2022,,,43000,,
Czech Republic,2014,,,44000,,
Czech Republic,2016,,,43000,,43000
Czech Republic,2017,,,43000,,45000
Czech Republic,2018,,,43000,,45000
Czech Republic,2019,,,43000,,45000
Czech Republic,2015,,,44000,,45000
Czechia,2020,,,,,42000
Czechia,2016,,,,,43000
Czechia,2019,,,,,43000
Czechia,2021,,,,,43000
Czechia,2022,,,,,43000
Czechia,2015,,,,,45000
Czechia,2017,,,,,45000
Czechia,2018,,,,,45000
Dominican Republic,2012,,,5000,,
Dominican Republic,2013,,,6000,,
Dominican Republic,2014,,,6000,,
Dominican Republic,2015,,,6000,,
Dominican Republic,2017,,,7000,,
Dominican Republic,2018,,,7000,,
Dominican Republic,2016,,,8000,,
Egypt,2015,,,24000,,
Egypt,2016,,,25000,,
Egypt,2017,,,26000,,
Egypt,2018,,,26000,,
Egypt,2020,,,26000,,
Egypt,2021,,,27000,,
Egypt,2022,,,27000,,
Egypt,2023,,,27000,,
Egypt,2019,,,28000,,
Estonia,2013,,,7581,,
Estonia,2012,,,8046,,
Estonia,2014,,,8588,,
Estonia,2023,,,10000,,
Estonia,2018,,,7393,,7393
Estonia,2019,,,8226,,8209
Estonia,2015,,,8329,,8329
Estonia,2016,,,8348,,8348
Estonia,2017,,,9606,,9606
Estonia,2020,,,9925,,12000
Estonia,2021,,,10000,,13000
Estonia,2022,,,10000,,13000
Finland,2023,,909,,,
Finland,2021,1494,1494,,,
Finland,2020,1530,1532,,,
Finland,2022,1535,1535,,,
Finland,2019,937000,932,,,
France,2023,,,66000,,
France,2013,,,71000,,
France,2014,,,72000,,
France,2012,,,83000,,
France,2020,,,52467,,60000
France,2022,,,65000,,65000
France,2016,,,70000,,70000
France,2017,,,70000,,70000
France,2018,,,70000,,70000
France,2019,,,70000,,70000
France,2021,,,70000,,70000
France,2015,,,72000,,72000
Georgia,2019,,1124,,,
Georgia,2020,,1183,,,
Georgia,2021,,1253,,,
Georgia,2022,,2192,,,
Georgia,2023,,2301,,,
Germany,2023,,,310000,,
Germany,2014,,,380000,,
Germany,2013,,,400000,,
Germany,2012,,,423000,,
Germany,2022,,,227200,35000,192000
Germany,2021,,,310006,93000,217000
Germany,2018,,,315000,98000,217000
Germany,2019,,,326000,103000,229000
Germany,2020,,,335000,141000,194000
Germany,2016,,,339000,115000,224000
Germany,2017,,,354000,113000,241000
Germany,2015,,,378000,125000,253000
Ghana,2017,,,1150,,
Ghana,2018,,,2000,,
Ghana,2014,,,2817,,
Ghana,2012,,,2961,,
Ghana,2013,,,3076,,
Ghana,2016,,,1823,,1800
Ghana,2019,,,5000,,
Ghana,2015,,,3048,,3048
Ghana,2020,,,10000,,
Ghana,2021,,,13456,,
Ghana,2022,,,16273,,
Ghana,2023,,,18681,,
Greece,2012,,18060,6000,,
Greece,2013,,18010,7000,,
Greece,2014,,16700,18000,,
Greece,2022,,10624,34000,,
Greece,2015,9200,14500,24000,,
Greece,2017,8700,12600,28000,,
Greece,2023,,15208,36000,,
Greece,2016,11300,14300,28000,,
Greece,2018,8800,15376,30000,,
Greece,2019,10500,14827,30000,,
Greece,2020,13800,19656,30900,,
Greece,2021,16000,16758,32000,,
Guatemala,2020,,422,11000,,
Guatemala,2018,,0,12000,,
Guatemala,2021,,0,12000,,
Guatemala,2019,,377,12000,,
Guatemala,2013,,863,12000,,
Guatemala,2012,,2300,11000,,
Guatemala,2017,,4200,12000,,
Guatemala,2016,,9970,12000,,
Guatemala,2015,,10153,12000,,
Guatemala,2014,,10359,12000,,
Honduras,2016,,3985,0,,
Honduras,2015,,9800,0,,
Honduras,2017,,6761,4500,,
Honduras,2013,,11600,0,,
Honduras,2012,,12400,0,,
Honduras,2014,,15500,0,,
Honduras,2023,,10000,6000,,
Honduras,2020,,12300,4000,,
Honduras,2019,,12308,5000,,
Honduras,2018,,9893,8000,,
Honduras,2021,,12000,6000,,
Honduras,2022,,12000,6000,,
Hungary,2020,,,15000,,
Hungary,2018,,,16000,,
Hungary,2019,,,16000,,
Hungary,2021,,,17000,,
Hungary,2022,,,17000,,
Hungary,2023,,,17000,,
India,2012,,104345,460100,,
India,2013,,109812,463000,,
India,2014,,111267,475000,,
India,2015,136000,143707,503000,143000,358000
India,2016,147000,150964,528000,134000,385000
India,2017,175633,173789,573000,165122,647000
India,2018,192496,207067,626000,195055,688000
India,2019,202974,202964,599000,184901,737000
India,2020,197527,217786,818100,200000,620000
India,2022,211844,217637,966010,205770,760000
India,2021,219117,212654,923200,202968,860000
India,2023,220795,220023,1038000,217275,820000
Indonesia,2012,,,45000,,
Indonesia,2013,,6200,42000,,
Indonesia,2014,,4700,46000,,
Indonesia,2015,5000,5500,46000,,46000
Indonesia,2016,5000,5300,48000,,48000
Indonesia,2017,8000,7900,46000,,46000
Indonesia,2022,5000,4800,58000,,55000
Indonesia,2020,8000,7100,56000,,53000
Indonesia,2021,8000,6700,58000,,54000
Indonesia,2019,11000,9500,54000,,54000
Indonesia,2023,6400,6400,58000,,58000
Indonesia,2018,11000,11400,54000,,54000
Iran,2014,,43285,72000,,
Iran,2013,,42000,76000,,
Iran,2012,,45000,81000,,
Iran,2015,40800,43785,78000,30000,100000
Iran,2018,48000,49600,125000,25000,100000
Iran,2016,47000,47000,130000,22000,108000
Iran,2017,48000,48000,132000,29000,103000
Iran,2020,52000,70000,120000,23400,97000
Iran,2019,52000,72500,125000,25000,98000
Iran,2021,58000,70000,124000,24800,96000
Iran,2022,58000,80000,125000,30000,96000
Iran,2023,60000,80000,126000,29000,97000
Ireland,2020,14401,,,,12000
Ireland,2021,13192,,,,14000
Ireland,2022,14181,,,,15000
Ireland,2018,16712,,,,15000
Ireland,2019,16100,,,,16300
Ireland,2017,17083,,,,17500
Ireland,2016,19600,,,,18000
Ireland,2015,31300,,,,17200
"Ireland, Republic of",2023,,7019,15000,,
"Ireland, Republic of",2020,,14401,12000,,
"Ireland, Republic of",2021,,13192,14000,,
"Ireland, Republic of",2022,,14181,15000,,
"Ireland, Republic of",2018,,16712,15000,,
"Ireland, Republic of",2019,,16100,16300,,
"Ireland, Republic of",2017,,17083,17500,,
"Ireland, Republic of",2016,,19582,18000,,
"Ireland, Republic of",2015,,31300,17200,,
"Ireland, Republic of",2014,,40500,17200,,
"Ireland, Republic of",2013,,42950,17000,,
"Ireland, Republic of",2012,,47400,16000,,
Israel,2023,,,21745,,
Israel,2012,,,21791,,
Israel,2013,,,22148,,
Israel,2014,,,26426,,
Israel,2022,,,16852,,23900
Israel,2021,,,23896,,23896
Israel,2020,,,23946,,23946
Israel,2019,,,24090,,24090
Israel,2016,,,24128,,24128
Israel,2017,,,25261,,25261
Israel,2015,,,26000,,26000
Israel,2018,,,28700,,28700
Italy,2023,,,66000,,
Italy,2012,,,138400,,
Italy,2013,,,179700,,
Italy,2014,,,209600,,
Italy,2022,,,133400,26000,107400
Italy,2020,,,152700,36400,116300
Italy,2021,,,158300,29400,128400
Italy,2019,,,159100,32700,126400
Italy,2018,,,167500,32900,134600
Italy,2017,,,173700,30400,143300
Italy,2016,,,187200,47300,139900
Italy,2015,,,209900,52100,157800
Japan,2023,,,177590,,
Japan,2014,,,240000,,
Japan,2013,,,251854,,
Japan,2012,,,258527,,
Japan,2015,,,194391,85655,108736
Japan,2018,,,196561,78223,118338
Japan,2020,,,197602,80304,117296
Japan,2019,,,198371,82098,116273
Japan,2016,,,199090,84660,114430
Japan,2017,,,199418,87366,112052
Japan,2021,,,196569,80600,166000
Japan,2022,,,192814,81000,214000
Kazakhstan,2012,,38000,88099,,
Kazakhstan,2013,,40800,91072,,
Kazakhstan,2014,,37800,127064,,
Kazakhstan,2021,29900,29900,111361,105000,14000
Kazakhstan,2022,30000,30100,108785,106000,16000
Kazakhstan,2023,45900,45200,101497,101497,16000
Kazakhstan,2020,30200,30200,123371,112000,16000
Kazakhstan,2015,40700,40700,120108,,120108
Kazakhstan,2019,55700,55700,127476,115000,18000
Kazakhstan,2016,70500,70500,134144,,134192
Kazakhstan,2018,86500,86400,148570,132000,21000
Kazakhstan,2017,111200,111200,147328,130000,19000
Kenya,2012,,,1000,,
Kenya,2013,,,1000,,
Kenya,2014,,,1000,,
Kenya,2023,,,1000,,
Kenya,2015,,,1100,,1100
Kenya,2016,,,1100,,1100
Kenya,2021,,,1000,,4300
Kenya,2022,,,1000,,4300
Kenya,2020,,,1000,,6500
Kenya,2017,,,1400,,10000
Kenya,2019,,,1000,,11000
Kenya,2018,,,1000,,12000
Korea (Rep. of),2013,,2500,427700,,
Korea (Rep. of),2012,,1940,460000,,
Korea (Rep. of),2014,,2764,634700,,
Korea (Rep. of),2015,,2921,656500,,
Korea (Rep. of),2022,,974,760000,,
Korea (Rep. of),2020,,1681,770000,,
Korea (Rep. of),2023,,240,776000,,
Korea (Rep. of),2021,,1528,790000,,
Korea (Rep. of),2018,,2412,801000,,
Korea (Rep. of),2017,,3762,806600,,
Korea (Rep. of),2019,,1933,813000,,
Korea (Rep. of),2016,,2840,812500,,
"Korea, Dem. P.R. of",2018,,20000,93000,,
"Korea, Dem. P.R. of",2012,,25000,93000,,
"Korea, Dem. P.R. of",2019,,25000,93000,,
"Korea, Dem. P.R. of",2020,,25000,93000,,
"Korea, Dem. P.R. of",2021,,25000,93000,,
"Korea, Dem. P.R. of",2022,,25000,98000,,
"Korea, Dem. P.R. of",2015,,31684,93000,,
"Korea, Dem. P.R. of",2016,,32116,93000,,
"Korea, Dem. P.R. of",2013,,32456,93000,,
"Korea, Dem. P.R. of",2017,,32621,93000,,
"Korea, Dem. P.R. of",2014,,32820,93000,,
"Korea, Dem. P.R. of",2023,,25000,102000,,
Kosovo,2022,,3358,,,
Kosovo,2023,,3633,,,
Kosovo,2019,,3990,,,
Kosovo,2018,,4694,,,
Kosovo,2020,,4737,,,
Kosovo,2017,,5142,,,
Kosovo,2021,,5241,,,
Kosovo,2012,,5295,,,
Kosovo,2013,,6378,,,
Kosovo,2014,,7676,,,
Kosovo,2015,5500,5541,,,
Kosovo,2016,6500,6530,,,
Laos,2014,,100,,,
Laos,2012,,164,,,
Laos,2020,100,100,,,
Laos,2021,170,200,,,
Laos,2015,200,200,,,
Laos,2016,230,200,,,
Laos,2019,250,254,,,
Laos,2018,340,300,,,
Laos,2023,,1000,,,
Laos,2017,660,700,,,
Laos,2013,,1600,,,
Laos,2022,190,1800,,,
Lebanon,2012,,,7200,,
Lebanon,2013,,,7200,,
Lebanon,2014,,,7200,,
Lebanon,2018,,,6000,,8300
Lebanon,2015,,,10000,,10600
Lebanon,2016,,,11300,,11300
Lebanon,2017,,,11900,,11900
Lebanon,2023,,,27000,,
Lebanon,2020,,,20000,,22400
Lebanon,2019,,,26000,,26200
Lebanon,2022,,,27000,,26300
Lebanon,2021,,,26000,,28200
Macedonia,2016,23487,,,,
Macedonia,2017,24823,,,,
Macedonia,2015,28698,,,,
Macedonia,2018,32100,,,,
Malaysia,2015,,,25300,,
Malaysia,2014,,,26200,,
Malaysia,2016,,,28000,,
Malaysia,2017,,,30000,,
Malaysia,2013,,,32000,,
Malaysia,2012,,,32100,,
Malaysia,2018,,,35000,,
Malaysia,2020,,,80000,,
Malaysia,2019,,,100000,,
Malaysia,2021,,,100000,,
Malaysia,2022,,,100000,,
Malaysia,2023,,,100000,,
Mexico,2012,,238091,279100,,
Mexico,2014,,250462,363500,,
Mexico,2013,,253361,371200,,
Mexico,2023,,254278,434800,,
Mexico,2016,241271,242071,401400,94725,230000
Mexico,2017,243022,243022,422800,92535,230000
Mexico,2020,260390,260390,410000,112000,300000
Mexico,2018,240304,240300,433107,104100,330000
Mexico,2022,273000,272988,419100,109000,310000
Mexico,2021,272231,272231,426355,120000,300000
Mexico,2019,259457,259457,446889,119000,328000
Mexico,2015,263772,263772,414000,263772,230000
Mongolia,2013,,200,,,
Mongolia,2015,,200,,,
Mongolia,2014,,500,,,
Mongolia,2016,,4700,,,
Mongolia,2017,7000,7400,,,
Mongolia,2023,8000,8500,,,
Mongolia,2022,12200,9500,,,
Mongolia,2021,11200,10940,,,
Mongolia,2018,11000,11304,,,
Mongolia,2019,12000,11796,,,
Mongolia,2020,12000,12000,,,
Montenegro,2013,,1200,,,
Montenegro,2020,636,1008,,,
Montenegro,2012,,1958,,,
Montenegro,2014,,2400,,,
Montenegro,2022,1928,1349,,,
Montenegro,2023,,3714,,,
Montenegro,2021,2000,2004,,,
Montenegro,2015,3476,2200,,,
Montenegro,2018,3099,3100,,,
Montenegro,2017,3113,3110,,,
Montenegro,2019,3480,3480,,,
Montenegro,2016,5188,3600,,,
Morocco,2016,,29617,11000,,
Morocco,2014,,27505,15000,,
Morocco,2012,,27526,15600,,
Morocco,2013,,30765,14000,,
Morocco,2023,,37345,8000,,
Morocco,2015,,32138,14000,,
Morocco,2018,30382,30339,8000,,
Morocco,2019,30000,32736,8000,,
Morocco,2022,36000,36022,8000,,
Morocco,2021,42300,31318,8000,,
Morocco,2020,38000,38162,7000,,
Morocco,2017,38041,38009,8000,,
Mozambique,2012,,,1500,,
Mozambique,2013,,,1900,,
Mozambique,2014,,,2310,,
Mozambique,2023,,,4585,,
Mozambique,2015,,,2494,,2310
Mozambique,2022,,,5263,,
Mozambique,2016,,,2844,,2490
Mozambique,2018,,,3422,,3420
Mozambique,2017,,,3828,,3830
Mozambique,2019,,,3943,,3940
Mozambique,2020,,,4200,,4200
Mozambique,2021,,,4594,,4590
Myanmar,2012,,9800,200,,
Myanmar,2013,,11700,200,,
Myanmar,2015,,17463,800,,
Myanmar,2014,,24309,200,,
Myanmar,2016,,20322,6100,,
Myanmar,2017,,20322,12100,,
Myanmar,2020,,22710,10500,,
Myanmar,2021,,25355,13600,,
Myanmar,2022,,25000,14400,,
Myanmar,2023,,28000,12900,,
Myanmar,2018,,45964,7300,,
Myanmar,2019,,42832,14800,,
Namibia,2018,,4293,,,
Namibia,2019,,5892,,,
Namibia,2017,,6577,,,
Namibia,2020,,9181,,,
Namibia,2012,,9530,,,
Namibia,2021,,10194,,,
Namibia,2023,,10332,,,
Namibia,2013,,11224,,,
Namibia,2014,,11788,,,
Namibia,2022,,13401,,,
Namibia,2016,7500,6116,,,
Namibia,2015,9300,10746,,,
Nepal,2020,,1800,,,
Nepal,2022,,2000,,,
Nepal,2023,,2000,,,
Nepal,2017,,3900,,,
Nepal,2021,,5600,,,
Netherlands,2012,,,27000,,
Netherlands,2013,,,27000,,
Netherlands,2014,,,31000,,
Netherlands,2023,,,36000,,
Netherlands,2015,,,32000,,30000
Netherlands,2016,,,33000,,33000
Netherlands,2020,,,34000,,34000
Netherlands,2017,,,36000,,36000
Netherlands,2018,,,36000,,36000
Netherlands,2019,,,36000,,36000
Netherlands,2021,,,36000,,36000
Netherlands,2022,,,36000,,36000
New Zealand,2012,,,3000,,
Nigeria,2014,,11400,14000,,
Nigeria,2013,,11500,14000,,
Nigeria,2012,,11300,15000,,
Nigeria,2015,8000,15700,2000,,2000
Nigeria,2016,13000,13300,9000,,9000
Nigeria,2018,18000,15000,7000,,6000
Nigeria,2022,,15000,36000,,
Nigeria,2023,,13000,38000,,
Nigeria,2017,21000,21000,8000,,8300
Nigeria,2020,20000,16000,14000,,12000
Nigeria,2019,24000,23500,17000,,12000
Nigeria,2021,40000,10000,19000,,25000
North Korea,2020,20000,,,3000,
North Korea,2021,20000,,,3000,
North Korea,2022,22000,,,3000,
North Korea,2019,26000,,,3000,
North Korea,2018,30000,,,2000,
North Korea,2015,35000,,,,
North Korea,2017,35000,,,,
North Korea,2016,42000,,,,
North Macedonia,2012,,39184,,,
North Macedonia,2013,,42826,,,
North Macedonia,2014,,43810,,,
North Macedonia,2023,,43926,,,
North Macedonia,2016,23487,31034,,,
North Macedonia,2017,24820,39635,,,
North Macedonia,2015,28698,37922,,,
North Macedonia,2018,32140,41902,,,
North Macedonia,2022,32600,41471,,,
North Macedonia,2021,33400,42873,,,
North Macedonia,2019,33700,43491,,,
North Macedonia,2020,35000,44928,,,
Oman,2017,,,5,,
Oman,2023,,,15400,,
Oman,2018,,,10000,,10000
Oman,2020,,,15400,,9000
Oman,2019,,,15400,,10000
Oman,2021,,,15400,,10000
Oman,2022,,,15400,,10000
Pakistan,2012,,600,1414,,
Pakistan,2013,,300,2527,,
Pakistan,2014,,1200,2549,,
Pakistan,2015,,100,100,,5000
Pakistan,2016,1280,1196,100,,8000
Pakistan,2017,3250,3047,5000,,1000
Pakistan,2018,5140,4822,18000,,1000
Pakistan,2023,,7838,60000,,
Pakistan,2020,7094,7094,60000,,
Pakistan,2021,7277,7277,60000,,
Pakistan,2019,8630,8089,60000,,
Pakistan,2022,8866,8886,60000,,
Peru,2012,,249236,5000,,
Peru,2022,,255333,15000,,
Peru,2023,,273335,15000,,
Peru,2013,,266472,62900,,
Peru,2014,,277294,54550,,
Peru,2020,241548,241548,10200,,10000
Peru,2021,264162,264427,14000,,13000
Peru,2018,289195,289123,15000,,15000
Peru,2015,315525,315525,5000,1494,
Peru,2016,314422,314422,10000,,
Peru,2017,306794,306784,15000,,15000
Peru,2019,308116,307021,15000,,15000
Philippines,2017,,,10000,,10000
Philippines,2018,,,10000,,10000
Philippines,2016,,,14000,,14000
Philippines,2014,,,30000,,
Philippines,2012,,,32000,,
Philippines,2013,,,32000,,
Philippines,2023,,,45000,,
Philippines,2019,,,40000,,10000
Philippines,2021,,,45000,,9800
Philippines,2020,,,45000,,10000
Philippines,2015,,,28000,,28000
Philippines,2022,,,45000,,11000
Poland,2023,,30800,165100,,
Poland,2013,,79000,145400,,
Poland,2012,,89000,141000,,
Poland,2014,,83150,149000,,
Poland,2022,,31000,135300,36000,118000
Poland,2021,,39514,144000,39000,119000
Poland,2020,18727,65660,139800,40800,99400
Poland,2016,26060,62750,154900,40000,115000
Poland,2018,13234,70340,159470,40000,120000
Poland,2017,12706,73530,157000,41000,119000
Poland,2015,29000,69190,155400,40000,114000
Poland,2019,20156,69860,158600,48000,114000
Portugal,2012,,87,5000,,
Portugal,2013,,1496,4000,,
Portugal,2014,,3192,8000,,
Portugal,2015,3077,3077,8000,,5000
Portugal,2016,4126,4126,8000,,5000
Portugal,2017,5164,5164,10000,,10000
Portugal,2023,,22770,13000,,
Portugal,2018,18397,18397,9000,,9000
Portugal,2022,30000,23347,10000,,10000
Portugal,2020,28178,28178,9000,,9000
Portugal,2019,27852,27852,10000,,10000
Portugal,2021,30067,30067,10000,,10000
Republic Of Korea,2015,2921,,,291000,350000
Republic Of Korea,2019,1933,,,404000,390000
Republic Of Korea,2018,2341,,,410295,390000
Republic Of Korea,2017,3762,,,423320,380000
Republic Of Korea,2016,2839,,,441000,390000
Romania,2023,,700,13161,,
Romania,2013,,400,14000,,
Romania,2012,,5300,13200,,
Romania,2014,,0,24000,,
Romania,2022,,300,13429,,13000
Romania,2021,,700,13358,,13000
Romania,2016,,0,17000,1300,11000
Romania,2020,,500,15319,,15000
Romania,2015,,0,20000,1300,13000
Romania,2019,,200,20000,,16000
Romania,2018,,1200,21000,,15000
Romania,2017,,900,24000,,18000
Russia,2012,,151000,110000,,
Russia,2013,,165000,106000,,
Russia,2014,,196000,96500,,
Russia,2023,,248400,134900,,
Russia,2022,,229300,118300,,121600
Russia,2017,,204700,140000,,140000
Russia,2020,,200700,142000,,142000
Russia,2018,,206100,140000,,140000
Russia,2019,,215900,141000,,141000
Russia,2021,,212300,152800,,152800
Russia,2015,171200,180000,116000,,106000
Russia,2016,170000,204300,130000,,130000
Saudi Arabia,2014,,,36000,,
Saudi Arabia,2012,,,37000,,
Saudi Arabia,2013,,,37000,,
Saudi Arabia,2015,,,37000,,37000
Saudi Arabia,2016,,,60000,,50000
Saudi Arabia,2018,,,68000,,68000
Saudi Arabia,2020,,,73000,,68000
Saudi Arabia,2019,,,75000,,68000
Saudi Arabia,2021,,,76000,,75600
Saudi Arabia,2022,,,76000,,75600
Saudi Arabia,2017,,,72000,,82000
Saudi Arabia,2023,,,78000,,78000
Senegal,2014,,,2187,,
Senegal,2013,,,2607,,
Senegal,2012,,,3366,,
Senegal,2015,,,1857,,1857
Senegal,2023,,,5717,,
Senegal,2022,,,5924,,
Senegal,2017,,,3424,,3424
Senegal,2016,,,3576,,3576
Senegal,2018,,,3693,,3693
Senegal,2019,,,4121,,4121
Senegal,2020,,,4223,,4223
Senegal,2021,,,4868,,4200
Serbia,2014,,3700,6000,,
Serbia,2012,,2500,13000,,
Serbia,2013,,3100,15000,,
Serbia,2023,,7200,16000,,
Serbia,2015,2400,3300,6000,,15000
Serbia,2018,,3230,14000,,15000
Serbia,2017,,3200,15000,,15000
Serbia,2020,,5400,14000,,14000
Serbia,2016,9000,3500,6000,,15000
Serbia,2021,,6300,15000,,15000
Serbia,2019,,5730,16000,,16000
Serbia,2022,,6700,16000,,16000
Slovakia,2014,,162,,,
Slovakia,2012,,166,,,
Slovakia,2013,,235,,,
Slovakia,2016,,133,110,,
Slovakia,2015,,226,3155,,
Slovakia,2020,,102,8000,,
Slovakia,2021,,101,9000,,
Slovakia,2019,,111,9000,,
Slovakia,2018,,114,9000,,
Slovakia,2022,,127,9000,,
Slovakia,2017,,147,9000,,
Slovakia,2023,,155,9000,,
Slovenia,2014,,,11000,,
Slovenia,2012,,,12000,,
Slovenia,2013,,,12000,,
Slovenia,2023,,,12000,,
Slovenia,2020,,,11000,,11000
Slovenia,2015,,,12000,,12000
Slovenia,2016,,,12000,,12000
Slovenia,2017,,,12000,,12000
Slovenia,2018,,,12000,,12000
Slovenia,2019,,,12000,,12000
Slovenia,2021,,,12000,,12000
Slovenia,2022,,,12000,,12000
South Africa,2014,,29348,52000,,
South Africa,2013,,41848,52000,,
South Africa,2023,,40271,60000,,
South Africa,2012,,52489,54000,,
South Africa,2020,28048,28048,55000,,55000
South Africa,2015,34573,34573,52000,,52000
South Africa,2021,31224,31224,56000,,56000
South Africa,2018,35118,35118,56000,,56000
South Africa,2016,39344,39344,54000,,54000
South Africa,2022,39974,39974,58000,,58000
South Africa,2019,42936,42936,56000,,56000
South Africa,2017,48150,48150,56000,,54000
Spain,2013,,2200,157000,,
Spain,2012,,3800,160000,,
Spain,2014,,1200,166000,,
Spain,2023,,10547,220000,,
Spain,2015,1598,1598,165000,,165000
Spain,2016,4946,4946,168800,,169000
Spain,2020,11397,11397,174600,,175000
Spain,2017,3268,3258,188400,,188000
Spain,2018,9936,9936,190000,,190000
Spain,2019,11390,11390,192000,,192000
Spain,2021,11000,10965,211000,,192000
Spain,2022,9000,9272,216000,,192000
Sri Lanka,2012,,,3762,,
Sri Lanka,2014,,,4528,,
Sri Lanka,2013,,,4803,,
Sri Lanka,2023,,,4820,,
Sri Lanka,2015,,,2548,,3000
Sri Lanka,2016,,,3006,,2900
Sri Lanka,2022,,,3000,,5000
Sri Lanka,2017,,,4500,,4400
Sri Lanka,2020,,,5000,,4100
Sri Lanka,2018,,,4700,,6600
Sri Lanka,2019,,,4700,,7600
Sri Lanka,2021,,,5100,,7200
Sweden,2012,,63551,61528,,
Sweden,2013,,59556,68713,,
Sweden,2014,,70848,68708,,
Sweden,2023,,65570,76150,,
Sweden,2021,65404,65404,73431,27100,47200
Sweden,2020,65402,65402,74370,27900,46500
Sweden,2018,64751,64751,75784,28900,47200
Sweden,2022,70339,70339,71163,29000,42000
Sweden,2019,68635,68635,75327,25900,49500
Sweden,2017,71112,71112,78241,28300,50200
Sweden,2016,76066,75830,74367,28400,46000
Sweden,2015,79354,79354,71293,26200,44800
Taiwan,2013,,,34000,,
Taiwan,2012,,,35000,,
Taiwan,2014,,,40000,,
Taiwan,2023,,,85000,,
Taiwan,2015,,,46000,,46000
Taiwan,2016,,,48000,,48000
Taiwan,2017,,,48000,,48000
Taiwan,2018,,,58000,,58000
Taiwan,2020,,,65000,,55000
Taiwan,2019,,,70000,,58000
Taiwan,2021,,,70000,,60000
Taiwan,2022,,,85000,,70000
Tajikistan,2012,,16000,,,
Tajikistan,2013,,17000,,,
Tajikistan,2014,,28000,,,
Tajikistan,2015,36000,39232,,,
Tajikistan,2023,37809,37809,0,,
Tajikistan,2020,54863,33282,0,,
Tajikistan,2022,47510,47510,0,,
Tajikistan,2021,48058,48058,0,,
Tajikistan,2016,51000,53480,,,
Tajikistan,2018,59300,47141,,,
Tajikistan,2017,68900,57100,,,
Tajikistan,2019,86771,52715,,,
Tanzania,2021,,,,,2430
Tanzania,2020,,,,,2770
Thailand,2014,,,79250,,
Thailand,2012,,,86507,,
Thailand,2013,,,87385,,
Thailand,2023,,,105000,,
Thailand,2018,,,86000,,85000
Thailand,2015,,,86000,,86000
Thailand,2016,,,86000,,86000
Thailand,2019,,,86000,,86000
Thailand,2017,,,88000,,88000
Thailand,2020,,,96000,,80000
Thailand,2021,,,105000,,86000
Thailand,2022,,,105000,,88000
Tunisia,2020,,900,,,
Tunisia,2022,,900,,,
Tunisia,2023,,1000,,,
Tunisia,2021,,1500,,,
Turkey,2012,,57017,50000,,
Turkey,2014,,62190,55000,,
Turkey,2013,,76638,50000,,
Turkey,2023,,71100,109000,,
Turkey,2016,,64300,58000,,58000
Turkey,2015,,77110,56000,,56000
Turkey,2017,,75000,58000,,58000
Turkey,2018,,76000,110000,,58000
Turkey,2019,,71500,114000,,60000
Turkey,2020,,81500,110000,,56000
Turkey,2022,,81700,90000,,90000
Turkey,2021,,93700,120000,,120000
Uganda,2012,,,500,,
Uganda,2013,,,500,,
Uganda,2014,,,500,,
Uganda,2022,,,800,,
Uganda,2023,,,800,,
Uganda,2015,,,800,,800
Uganda,2016,,,800,,800
Uganda,2017,,,800,,800
Uganda,2018,,,800,,800
Uganda,2019,,,800,,800
Uganda,2020,,,800,,800
Uganda,2021,,,800,,800
Ukraine,2023,,,12000,,12000
Ukraine,2022,,,10956,,15000
Ukraine,2014,,,34958,,
Ukraine,2012,,,43200,,
Ukraine,2013,,,48800,,
Ukraine,2019,,,24704,,24704
Ukraine,2020,,,24968,,24649
Ukraine,2015,,,24203,,30000
Ukraine,2021,,,29445,,25000
Ukraine,2016,,,28465,,28465
Ukraine,2018,,,29755,,29760
Ukraine,2017,,,33633,,33633
United Arab Emirates,2012,,,2000,,
United Arab Emirates,2013,,,2000,,
United Arab Emirates,2014,,,16000,,
United Arab Emirates,2015,,,18000,,
United Arab Emirates,2016,,,22000,,
United Arab Emirates,2023,,,30000,,
United Arab Emirates,2020,,,24000,,25000
United Arab Emirates,2017,,,25000,,25000
United Arab Emirates,2018,,,25000,,25000
United Arab Emirates,2019,,,25000,,25000
United Arab Emirates,2021,,,25000,,25000
United Arab Emirates,2022,,,25000,,25000
United Kingdom,2014,,100,267000,,
United Kingdom,2023,,0,285000,,
United Kingdom,2013,,100,296000,,
United Kingdom,2022,,100,309900,,
United Kingdom,2012,,61,311930,,
United Kingdom,2016,100,100,310000,170000,158000
United Kingdom,2015,100,100,357200,149000,158000
United Kingdom,2020,100,100,315000,197000,163000
United Kingdom,2021,100,100,327000,200000,164000
United Kingdom,2018,100,100,303000,226000,165000
United Kingdom,2017,100,100,309000,227000,160000
United Kingdom,2019,200,150,311000,229000,165000
USA,2023,,263000,1010000,,
USA,2022,,273000,1010000,,
USA,2021,,294000,1050000,,
USA,2020,,306000,1090000,,
USA,2014,,378000,1020000,,
USA,2015,,360000,1050000,,
USA,2018,,280000,1140000,,
USA,2019,,274000,1150000,,
USA,2016,,336000,1110000,,
USA,2017,,310000,1140000,,
USA,2013,,339000,1150000,,
USA,2012,,345000,1220000,,
Uzbekistan,2012,,3000,,,
Uzbekistan,2013,,3000,,,
Uzbekistan,2014,,3000,,,
Uzbekistan,2015,3000,20000,,,
Uzbekistan,2023,,11000,20000,,
Uzbekistan,2016,5000,30000,,,
Uzbekistan,2022,15430,15000,22000,,
Uzbekistan,2020,18400,16600,19000,,
Uzbekistan,2021,18630,14700,22000,,
Uzbekistan,2019,19100,19100,22000,,
Uzbekistan,2018,21300,21300,22000,,
Uzbekistan,2017,26000,26000,26000,,
Venezuela,2023,,,8000,,
Venezuela,2018,,,9600,,9000
Venezuela,2014,,,20000,,
Venezuela,2013,,,22000,,
Venezuela,2012,,,25000,,
Venezuela,2021,,,6996,,20000
Venezuela,2020,,,7000,,20000
Venezuela,2022,,,8000,,20000
Venezuela,2019,,,8400,,20000
Venezuela,2016,,,15600,,16000
Venezuela,2017,,,15600,,16000
Venezuela,2015,,,20000,,20000
Vietnam,2012,,200,,,
Vietnam,2013,,1600,,,
Vietnam,2014,,2500,,,
Vietnam,2015,1890,1600,22000,,
Vietnam,2016,810,700,25000,,
Vietnam,2017,4560,3800,31200,,
Vietnam,2018,14500,12100,32000,,
Vietnam,2020,13900,11700,65000,,
Vietnam,2023,,15600,75000,,
Vietnam,2019,12400,10400,75000,,
Vietnam,2021,16600,13800,75000,,
Vietnam,2022,20600,17500,75000,,
Zambia,2012,,,4000,,
Zambia,2015,,,4000,,
Zambia,2017,,,4000,,
Zambia,2020,,,4008,,
Zambia,2013,,,5000,,
Zambia,2014,,,5000,,
Zambia,2016,,,5000,,
Zambia,2022,,,5000,,
Zambia,2023,,,5000,,
Zambia,2018,,,5004,,
Zambia,2019,,,5004,,
Zambia,2021,,,5004,,
